trial,testing,parameters,initial_deadline,final_deadline,net_reward,actions,success
1,False,"{'a': 0.5, 'e': 0.995}",20,0,-97.78428157908739,"{0: 15, 1: 1, 2: 2, 3: 0, 4: 2}",0
2,False,"{'a': 0.5, 'e': 0.99}",20,0,-60.87037771786356,"{0: 18, 1: 0, 2: 0, 3: 0, 4: 2}",0
3,False,"{'a': 0.5, 'e': 0.985}",20,0,-3.2935975871210115,"{0: 17, 1: 1, 2: 2, 3: 0, 4: 0}",0
4,False,"{'a': 0.5, 'e': 0.98}",20,0,-25.84508565899086,"{0: 18, 1: 0, 2: 1, 3: 0, 4: 1}",0
5,False,"{'a': 0.5, 'e': 0.975}",20,0,22.634905980146883,"{0: 20, 1: 0, 2: 0, 3: 0, 4: 0}",0
6,False,"{'a': 0.5, 'e': 0.97}",30,0,2.396099045757266,"{0: 29, 1: 0, 2: 0, 3: 0, 4: 1}",0
7,False,"{'a': 0.5, 'e': 0.965}",30,0,34.462731666423025,"{0: 30, 1: 0, 2: 0, 3: 0, 4: 0}",0
8,False,"{'a': 0.5, 'e': 0.96}",25,0,25.171593495475538,"{0: 24, 1: 0, 2: 1, 3: 0, 4: 0}",0
9,False,"{'a': 0.5, 'e': 0.955}",20,0,25.727894125309927,"{0: 20, 1: 0, 2: 0, 3: 0, 4: 0}",0
10,False,"{'a': 0.5, 'e': 0.95}",20,0,25.202390401542964,"{0: 20, 1: 0, 2: 0, 3: 0, 4: 0}",0
11,False,"{'a': 0.5, 'e': 0.945}",20,0,30.800885499989214,"{0: 20, 1: 0, 2: 0, 3: 0, 4: 0}",0
12,False,"{'a': 0.5, 'e': 0.94}",20,0,32.28262870830594,"{0: 20, 1: 0, 2: 0, 3: 0, 4: 0}",0
13,False,"{'a': 0.5, 'e': 0.9349999999999999}",20,0,29.775635765122242,"{0: 20, 1: 0, 2: 0, 3: 0, 4: 0}",0
14,False,"{'a': 0.5, 'e': 0.9299999999999999}",25,0,30.572819440298897,"{0: 25, 1: 0, 2: 0, 3: 0, 4: 0}",0
15,False,"{'a': 0.5, 'e': 0.9249999999999999}",35,0,36.73381626545505,"{0: 35, 1: 0, 2: 0, 3: 0, 4: 0}",0
16,False,"{'a': 0.5, 'e': 0.9199999999999999}",30,0,41.01984488832715,"{0: 30, 1: 0, 2: 0, 3: 0, 4: 0}",0
17,False,"{'a': 0.5, 'e': 0.9149999999999999}",30,0,39.99570263570297,"{0: 30, 1: 0, 2: 0, 3: 0, 4: 0}",0
18,False,"{'a': 0.5, 'e': 0.9099999999999999}",20,0,22.259511825437617,"{0: 19, 1: 1, 2: 0, 3: 0, 4: 0}",0
19,False,"{'a': 0.5, 'e': 0.9049999999999999}",30,15,25.62367329677269,"{0: 15, 1: 0, 2: 0, 3: 0, 4: 0}",1
20,False,"{'a': 0.5, 'e': 0.8999999999999999}",35,18,32.61932526854135,"{0: 17, 1: 0, 2: 0, 3: 0, 4: 0}",1
21,False,"{'a': 0.5, 'e': 0.8949999999999999}",30,19,21.295756311506956,"{0: 11, 1: 0, 2: 0, 3: 0, 4: 0}",1
22,False,"{'a': 0.5, 'e': 0.8899999999999999}",20,8,22.433389611405598,"{0: 12, 1: 0, 2: 0, 3: 0, 4: 0}",1
23,False,"{'a': 0.5, 'e': 0.8849999999999999}",20,3,27.12542715184424,"{0: 17, 1: 0, 2: 0, 3: 0, 4: 0}",1
24,False,"{'a': 0.5, 'e': 0.8799999999999999}",20,0,26.55704461404795,"{0: 20, 1: 0, 2: 0, 3: 0, 4: 0}",0
25,False,"{'a': 0.5, 'e': 0.8749999999999999}",35,0,56.05308906459723,"{0: 35, 1: 0, 2: 0, 3: 0, 4: 0}",0
26,False,"{'a': 0.5, 'e': 0.8699999999999999}",30,14,21.606563652801118,"{0: 16, 1: 0, 2: 0, 3: 0, 4: 0}",1
27,False,"{'a': 0.5, 'e': 0.8649999999999999}",25,0,32.05808584293232,"{0: 25, 1: 0, 2: 0, 3: 0, 4: 0}",0
28,False,"{'a': 0.5, 'e': 0.8599999999999999}",20,2,24.605274801563493,"{0: 18, 1: 0, 2: 0, 3: 0, 4: 0}",1
29,False,"{'a': 0.5, 'e': 0.8549999999999999}",30,16,27.58946493359963,"{0: 14, 1: 0, 2: 0, 3: 0, 4: 0}",1
30,False,"{'a': 0.5, 'e': 0.8499999999999999}",20,0,24.920002536260956,"{0: 20, 1: 0, 2: 0, 3: 0, 4: 0}",0
31,False,"{'a': 0.5, 'e': 0.8449999999999999}",25,0,36.47608431716324,"{0: 25, 1: 0, 2: 0, 3: 0, 4: 0}",0
32,False,"{'a': 0.5, 'e': 0.8399999999999999}",20,0,23.822538763099793,"{0: 20, 1: 0, 2: 0, 3: 0, 4: 0}",0
33,False,"{'a': 0.5, 'e': 0.8349999999999999}",25,17,15.211860735560323,"{0: 8, 1: 0, 2: 0, 3: 0, 4: 0}",1
34,False,"{'a': 0.5, 'e': 0.8299999999999998}",20,15,8.169621173490155,"{0: 5, 1: 0, 2: 0, 3: 0, 4: 0}",1
35,False,"{'a': 0.5, 'e': 0.8249999999999998}",25,10,21.33640726077417,"{0: 15, 1: 0, 2: 0, 3: 0, 4: 0}",1
36,False,"{'a': 0.5, 'e': 0.8199999999999998}",20,0,28.786993578017796,"{0: 20, 1: 0, 2: 0, 3: 0, 4: 0}",0
37,False,"{'a': 0.5, 'e': 0.8149999999999998}",20,0,30.86000462208691,"{0: 20, 1: 0, 2: 0, 3: 0, 4: 0}",0
38,False,"{'a': 0.5, 'e': 0.8099999999999998}",25,7,31.245062390938795,"{0: 18, 1: 0, 2: 0, 3: 0, 4: 0}",1
39,False,"{'a': 0.5, 'e': 0.8049999999999998}",35,18,25.29221708688604,"{0: 17, 1: 0, 2: 0, 3: 0, 4: 0}",1
40,False,"{'a': 0.5, 'e': 0.7999999999999998}",25,16,16.38195044303789,"{0: 9, 1: 0, 2: 0, 3: 0, 4: 0}",1
41,False,"{'a': 0.5, 'e': 0.7949999999999998}",20,14,11.447132508507881,"{0: 6, 1: 0, 2: 0, 3: 0, 4: 0}",1
42,False,"{'a': 0.5, 'e': 0.7899999999999998}",20,0,28.26242599451875,"{0: 20, 1: 0, 2: 0, 3: 0, 4: 0}",0
43,False,"{'a': 0.5, 'e': 0.7849999999999998}",25,13,24.830457379169374,"{0: 12, 1: 0, 2: 0, 3: 0, 4: 0}",1
44,False,"{'a': 0.5, 'e': 0.7799999999999998}",20,15,6.632027597642385,"{0: 5, 1: 0, 2: 0, 3: 0, 4: 0}",1
45,False,"{'a': 0.5, 'e': 0.7749999999999998}",20,8,15.964604295868888,"{0: 12, 1: 0, 2: 0, 3: 0, 4: 0}",1
46,False,"{'a': 0.5, 'e': 0.7699999999999998}",25,13,22.089549600585844,"{0: 12, 1: 0, 2: 0, 3: 0, 4: 0}",1
47,False,"{'a': 0.5, 'e': 0.7649999999999998}",20,0,24.42799827299265,"{0: 20, 1: 0, 2: 0, 3: 0, 4: 0}",0
48,False,"{'a': 0.5, 'e': 0.7599999999999998}",20,9,19.105314463980836,"{0: 11, 1: 0, 2: 0, 3: 0, 4: 0}",1
49,False,"{'a': 0.5, 'e': 0.7549999999999998}",20,12,7.983730220895085,"{0: 7, 1: 1, 2: 0, 3: 0, 4: 0}",1
50,False,"{'a': 0.5, 'e': 0.7499999999999998}",25,18,12.697589429470552,"{0: 7, 1: 0, 2: 0, 3: 0, 4: 0}",1
51,False,"{'a': 0.5, 'e': 0.7449999999999998}",20,6,28.719049385723142,"{0: 14, 1: 0, 2: 0, 3: 0, 4: 0}",1
52,False,"{'a': 0.5, 'e': 0.7399999999999998}",25,0,41.17487690959337,"{0: 25, 1: 0, 2: 0, 3: 0, 4: 0}",0
53,False,"{'a': 0.5, 'e': 0.7349999999999998}",20,0,24.252690785475238,"{0: 20, 1: 0, 2: 0, 3: 0, 4: 0}",0
54,False,"{'a': 0.5, 'e': 0.7299999999999998}",20,10,12.429528386748844,"{0: 10, 1: 0, 2: 0, 3: 0, 4: 0}",1
55,False,"{'a': 0.5, 'e': 0.7249999999999998}",20,7,18.293131267855806,"{0: 13, 1: 0, 2: 0, 3: 0, 4: 0}",1
56,False,"{'a': 0.5, 'e': 0.7199999999999998}",25,9,29.250532591752194,"{0: 16, 1: 0, 2: 0, 3: 0, 4: 0}",1
57,False,"{'a': 0.5, 'e': 0.7149999999999997}",30,11,28.52141157967441,"{0: 19, 1: 0, 2: 0, 3: 0, 4: 0}",1
58,False,"{'a': 0.5, 'e': 0.7099999999999997}",30,13,31.31394626754208,"{0: 17, 1: 0, 2: 0, 3: 0, 4: 0}",1
59,False,"{'a': 0.5, 'e': 0.7049999999999997}",25,0,39.965815035577826,"{0: 25, 1: 0, 2: 0, 3: 0, 4: 0}",0
60,False,"{'a': 0.5, 'e': 0.6999999999999997}",25,3,30.094925301396586,"{0: 22, 1: 0, 2: 0, 3: 0, 4: 0}",1
61,False,"{'a': 0.5, 'e': 0.6949999999999997}",20,5,29.675547113844086,"{0: 15, 1: 0, 2: 0, 3: 0, 4: 0}",1
62,False,"{'a': 0.5, 'e': 0.6899999999999997}",25,10,24.90334560161982,"{0: 15, 1: 0, 2: 0, 3: 0, 4: 0}",1
63,False,"{'a': 0.5, 'e': 0.6849999999999997}",20,10,15.54006092550955,"{0: 10, 1: 0, 2: 0, 3: 0, 4: 0}",1
64,False,"{'a': 0.5, 'e': 0.6799999999999997}",20,5,11.477712910549538,"{0: 15, 1: 0, 2: 0, 3: 0, 4: 0}",1
65,False,"{'a': 0.5, 'e': 0.6749999999999997}",25,3,36.78002106539788,"{0: 22, 1: 0, 2: 0, 3: 0, 4: 0}",1
66,False,"{'a': 0.5, 'e': 0.6699999999999997}",20,0,28.896039232576026,"{0: 20, 1: 0, 2: 0, 3: 0, 4: 0}",0
67,False,"{'a': 0.5, 'e': 0.6649999999999997}",25,15,16.67207644358347,"{0: 10, 1: 0, 2: 0, 3: 0, 4: 0}",1
68,False,"{'a': 0.5, 'e': 0.6599999999999997}",20,14,10.729807647022715,"{0: 6, 1: 0, 2: 0, 3: 0, 4: 0}",1
69,False,"{'a': 0.5, 'e': 0.6549999999999997}",20,14,11.847368732200996,"{0: 6, 1: 0, 2: 0, 3: 0, 4: 0}",1
70,False,"{'a': 0.5, 'e': 0.6499999999999997}",25,15,16.30465070017756,"{0: 10, 1: 0, 2: 0, 3: 0, 4: 0}",1
71,False,"{'a': 0.5, 'e': 0.6449999999999997}",20,10,16.070602636062397,"{0: 10, 1: 0, 2: 0, 3: 0, 4: 0}",1
72,False,"{'a': 0.5, 'e': 0.6399999999999997}",20,1,24.829459559335437,"{0: 19, 1: 0, 2: 0, 3: 0, 4: 0}",1
73,False,"{'a': 0.5, 'e': 0.6349999999999997}",20,12,10.430261085753447,"{0: 8, 1: 0, 2: 0, 3: 0, 4: 0}",1
74,False,"{'a': 0.5, 'e': 0.6299999999999997}",30,13,25.24773054001302,"{0: 17, 1: 0, 2: 0, 3: 0, 4: 0}",1
75,False,"{'a': 0.5, 'e': 0.6249999999999997}",30,20,17.4555116656987,"{0: 10, 1: 0, 2: 0, 3: 0, 4: 0}",1
76,False,"{'a': 0.5, 'e': 0.6199999999999997}",20,6,30.017008235089705,"{0: 14, 1: 0, 2: 0, 3: 0, 4: 0}",1
77,False,"{'a': 0.5, 'e': 0.6149999999999997}",25,14,23.298125521419202,"{0: 11, 1: 0, 2: 0, 3: 0, 4: 0}",1
78,False,"{'a': 0.5, 'e': 0.6099999999999997}",25,0,31.184692347234815,"{0: 25, 1: 0, 2: 0, 3: 0, 4: 0}",0
79,False,"{'a': 0.5, 'e': 0.6049999999999996}",25,7,21.640950349416585,"{0: 18, 1: 0, 2: 0, 3: 0, 4: 0}",1
80,False,"{'a': 0.5, 'e': 0.5999999999999996}",25,19,12.336985146792406,"{0: 6, 1: 0, 2: 0, 3: 0, 4: 0}",1
81,False,"{'a': 0.5, 'e': 0.5949999999999996}",20,13,13.929614385820175,"{0: 7, 1: 0, 2: 0, 3: 0, 4: 0}",1
82,False,"{'a': 0.5, 'e': 0.5899999999999996}",35,1,46.28737206443789,"{0: 34, 1: 0, 2: 0, 3: 0, 4: 0}",1
83,False,"{'a': 0.5, 'e': 0.5849999999999996}",20,4,24.142572045426284,"{0: 16, 1: 0, 2: 0, 3: 0, 4: 0}",1
84,False,"{'a': 0.5, 'e': 0.5799999999999996}",20,14,12.015504626124635,"{0: 6, 1: 0, 2: 0, 3: 0, 4: 0}",1
85,False,"{'a': 0.5, 'e': 0.5749999999999996}",25,8,28.522819130746516,"{0: 17, 1: 0, 2: 0, 3: 0, 4: 0}",1
86,False,"{'a': 0.5, 'e': 0.5699999999999996}",30,20,20.930535069858017,"{0: 10, 1: 0, 2: 0, 3: 0, 4: 0}",1
87,False,"{'a': 0.5, 'e': 0.5649999999999996}",20,0,22.13746828187377,"{0: 20, 1: 0, 2: 0, 3: 0, 4: 0}",0
88,False,"{'a': 0.5, 'e': 0.5599999999999996}",30,13,25.582445530759546,"{0: 17, 1: 0, 2: 0, 3: 0, 4: 0}",1
89,False,"{'a': 0.5, 'e': 0.5549999999999996}",25,17,18.09973305709888,"{0: 8, 1: 0, 2: 0, 3: 0, 4: 0}",1
90,False,"{'a': 0.5, 'e': 0.5499999999999996}",25,16,16.232543037365147,"{0: 9, 1: 0, 2: 0, 3: 0, 4: 0}",1
91,False,"{'a': 0.5, 'e': 0.5449999999999996}",30,20,16.35461379284503,"{0: 10, 1: 0, 2: 0, 3: 0, 4: 0}",1
92,False,"{'a': 0.5, 'e': 0.5399999999999996}",25,16,16.40212779522541,"{0: 9, 1: 0, 2: 0, 3: 0, 4: 0}",1
93,False,"{'a': 0.5, 'e': 0.5349999999999996}",25,8,30.393308781549297,"{0: 17, 1: 0, 2: 0, 3: 0, 4: 0}",1
94,False,"{'a': 0.5, 'e': 0.5299999999999996}",25,15,20.271157780722856,"{0: 10, 1: 0, 2: 0, 3: 0, 4: 0}",1
95,False,"{'a': 0.5, 'e': 0.5249999999999996}",20,1,27.994273801743578,"{0: 19, 1: 0, 2: 0, 3: 0, 4: 0}",1
96,False,"{'a': 0.5, 'e': 0.5199999999999996}",30,15,22.356329097959527,"{0: 15, 1: 0, 2: 0, 3: 0, 4: 0}",1
97,False,"{'a': 0.5, 'e': 0.5149999999999996}",20,16,8.833869472034449,"{0: 4, 1: 0, 2: 0, 3: 0, 4: 0}",1
98,False,"{'a': 0.5, 'e': 0.5099999999999996}",20,4,26.607189893036598,"{0: 16, 1: 0, 2: 0, 3: 0, 4: 0}",1
99,False,"{'a': 0.5, 'e': 0.5049999999999996}",30,12,29.296397876530516,"{0: 18, 1: 0, 2: 0, 3: 0, 4: 0}",1
100,False,"{'a': 0.5, 'e': 0.49999999999999956}",20,3,27.3967691003249,"{0: 17, 1: 0, 2: 0, 3: 0, 4: 0}",1
101,False,"{'a': 0.5, 'e': 0.49499999999999955}",20,9,20.239724940454714,"{0: 11, 1: 0, 2: 0, 3: 0, 4: 0}",1
102,False,"{'a': 0.5, 'e': 0.48999999999999955}",30,22,12.106888091719366,"{0: 8, 1: 0, 2: 0, 3: 0, 4: 0}",1
103,False,"{'a': 0.5, 'e': 0.48499999999999954}",20,2,23.450955842415272,"{0: 18, 1: 0, 2: 0, 3: 0, 4: 0}",1
104,False,"{'a': 0.5, 'e': 0.47999999999999954}",25,16,18.338861226552655,"{0: 9, 1: 0, 2: 0, 3: 0, 4: 0}",1
105,False,"{'a': 0.5, 'e': 0.47499999999999953}",25,0,40.89242298296121,"{0: 25, 1: 0, 2: 0, 3: 0, 4: 0}",0
106,False,"{'a': 0.5, 'e': 0.46999999999999953}",25,16,14.779894399871049,"{0: 9, 1: 0, 2: 0, 3: 0, 4: 0}",1
107,False,"{'a': 0.5, 'e': 0.4649999999999995}",20,12,15.993847603681841,"{0: 8, 1: 0, 2: 0, 3: 0, 4: 0}",1
108,False,"{'a': 0.5, 'e': 0.4599999999999995}",20,9,19.18190688512136,"{0: 11, 1: 0, 2: 0, 3: 0, 4: 0}",1
109,False,"{'a': 0.5, 'e': 0.4549999999999995}",20,0,23.71295641115118,"{0: 20, 1: 0, 2: 0, 3: 0, 4: 0}",0
110,False,"{'a': 0.5, 'e': 0.4499999999999995}",25,10,22.832644425489065,"{0: 15, 1: 0, 2: 0, 3: 0, 4: 0}",1
111,False,"{'a': 0.5, 'e': 0.4449999999999995}",25,8,27.790384658856247,"{0: 17, 1: 0, 2: 0, 3: 0, 4: 0}",1
112,False,"{'a': 0.5, 'e': 0.4399999999999995}",25,14,18.632384611069554,"{0: 11, 1: 0, 2: 0, 3: 0, 4: 0}",1
113,False,"{'a': 0.5, 'e': 0.4349999999999995}",20,4,23.600658902404025,"{0: 16, 1: 0, 2: 0, 3: 0, 4: 0}",1
114,False,"{'a': 0.5, 'e': 0.4299999999999995}",20,11,8.98483912812396,"{0: 9, 1: 0, 2: 0, 3: 0, 4: 0}",1
115,False,"{'a': 0.5, 'e': 0.4249999999999995}",25,5,34.56305629385376,"{0: 20, 1: 0, 2: 0, 3: 0, 4: 0}",1
116,False,"{'a': 0.5, 'e': 0.4199999999999995}",25,17,13.695695848783181,"{0: 8, 1: 0, 2: 0, 3: 0, 4: 0}",1
117,False,"{'a': 0.5, 'e': 0.4149999999999995}",20,6,22.41042707063448,"{0: 14, 1: 0, 2: 0, 3: 0, 4: 0}",1
118,False,"{'a': 0.5, 'e': 0.4099999999999995}",30,16,22.370761507814482,"{0: 14, 1: 0, 2: 0, 3: 0, 4: 0}",1
119,False,"{'a': 0.5, 'e': 0.40499999999999947}",30,11,26.666555084162198,"{0: 19, 1: 0, 2: 0, 3: 0, 4: 0}",1
120,False,"{'a': 0.5, 'e': 0.39999999999999947}",30,16,24.13563881208908,"{0: 14, 1: 0, 2: 0, 3: 0, 4: 0}",1
121,False,"{'a': 0.5, 'e': 0.39499999999999946}",30,9,32.78039073147946,"{0: 21, 1: 0, 2: 0, 3: 0, 4: 0}",1
122,False,"{'a': 0.5, 'e': 0.38999999999999946}",35,24,19.244947246940974,"{0: 11, 1: 0, 2: 0, 3: 0, 4: 0}",1
123,False,"{'a': 0.5, 'e': 0.38499999999999945}",20,1,28.932128021684772,"{0: 19, 1: 0, 2: 0, 3: 0, 4: 0}",1
124,False,"{'a': 0.5, 'e': 0.37999999999999945}",20,13,12.939958305674228,"{0: 7, 1: 0, 2: 0, 3: 0, 4: 0}",1
125,False,"{'a': 0.5, 'e': 0.37499999999999944}",20,8,16.870017900667467,"{0: 12, 1: 0, 2: 0, 3: 0, 4: 0}",1
126,False,"{'a': 0.5, 'e': 0.36999999999999944}",20,4,27.794492644552374,"{0: 16, 1: 0, 2: 0, 3: 0, 4: 0}",1
127,False,"{'a': 0.5, 'e': 0.36499999999999944}",25,19,10.998562899672148,"{0: 6, 1: 0, 2: 0, 3: 0, 4: 0}",1
128,False,"{'a': 0.5, 'e': 0.35999999999999943}",25,20,9.086642000145394,"{0: 5, 1: 0, 2: 0, 3: 0, 4: 0}",1
129,False,"{'a': 0.5, 'e': 0.3549999999999994}",20,6,26.305603993270907,"{0: 14, 1: 0, 2: 0, 3: 0, 4: 0}",1
130,False,"{'a': 0.5, 'e': 0.3499999999999994}",30,16,22.8244077821933,"{0: 14, 1: 0, 2: 0, 3: 0, 4: 0}",1
131,False,"{'a': 0.5, 'e': 0.3449999999999994}",20,3,21.070364355903536,"{0: 17, 1: 0, 2: 0, 3: 0, 4: 0}",1
132,False,"{'a': 0.5, 'e': 0.3399999999999994}",30,0,42.33080570890422,"{0: 30, 1: 0, 2: 0, 3: 0, 4: 0}",0
133,False,"{'a': 0.5, 'e': 0.3349999999999994}",25,8,28.586043573188256,"{0: 17, 1: 0, 2: 0, 3: 0, 4: 0}",1
134,False,"{'a': 0.5, 'e': 0.3299999999999994}",25,8,22.98029915030821,"{0: 17, 1: 0, 2: 0, 3: 0, 4: 0}",1
135,False,"{'a': 0.5, 'e': 0.3249999999999994}",20,14,11.782787387781894,"{0: 6, 1: 0, 2: 0, 3: 0, 4: 0}",1
136,False,"{'a': 0.5, 'e': 0.3199999999999994}",20,8,23.528359265038194,"{0: 12, 1: 0, 2: 0, 3: 0, 4: 0}",1
137,False,"{'a': 0.5, 'e': 0.3149999999999994}",20,6,24.242109197057463,"{0: 14, 1: 0, 2: 0, 3: 0, 4: 0}",1
138,False,"{'a': 0.5, 'e': 0.3099999999999994}",20,12,16.96949913020643,"{0: 8, 1: 0, 2: 0, 3: 0, 4: 0}",1
139,False,"{'a': 0.5, 'e': 0.3049999999999994}",20,13,16.71992663025641,"{0: 7, 1: 0, 2: 0, 3: 0, 4: 0}",1
140,False,"{'a': 0.5, 'e': 0.2999999999999994}",25,10,21.58313500332801,"{0: 15, 1: 0, 2: 0, 3: 0, 4: 0}",1
141,False,"{'a': 0.5, 'e': 0.2949999999999994}",25,12,27.607679882311714,"{0: 13, 1: 0, 2: 0, 3: 0, 4: 0}",1
142,False,"{'a': 0.5, 'e': 0.28999999999999937}",25,15,13.763522752220664,"{0: 10, 1: 0, 2: 0, 3: 0, 4: 0}",1
143,False,"{'a': 0.5, 'e': 0.28499999999999936}",25,15,17.026714610128955,"{0: 10, 1: 0, 2: 0, 3: 0, 4: 0}",1
144,False,"{'a': 0.5, 'e': 0.27999999999999936}",30,17,28.6627192345499,"{0: 13, 1: 0, 2: 0, 3: 0, 4: 0}",1
145,False,"{'a': 0.5, 'e': 0.27499999999999936}",20,3,24.914441877281195,"{0: 17, 1: 0, 2: 0, 3: 0, 4: 0}",1
146,False,"{'a': 0.5, 'e': 0.26999999999999935}",25,13,20.623870876296472,"{0: 12, 1: 0, 2: 0, 3: 0, 4: 0}",1
147,False,"{'a': 0.5, 'e': 0.26499999999999935}",20,10,19.30524385216702,"{0: 10, 1: 0, 2: 0, 3: 0, 4: 0}",1
148,False,"{'a': 0.5, 'e': 0.25999999999999934}",20,12,13.77472736402686,"{0: 8, 1: 0, 2: 0, 3: 0, 4: 0}",1
149,False,"{'a': 0.5, 'e': 0.25499999999999934}",25,18,14.256635682731439,"{0: 7, 1: 0, 2: 0, 3: 0, 4: 0}",1
150,False,"{'a': 0.5, 'e': 0.24999999999999933}",25,17,13.177907343966407,"{0: 8, 1: 0, 2: 0, 3: 0, 4: 0}",1
151,False,"{'a': 0.5, 'e': 0.24499999999999933}",25,9,28.899935311904017,"{0: 16, 1: 0, 2: 0, 3: 0, 4: 0}",1
152,False,"{'a': 0.5, 'e': 0.23999999999999932}",20,0,35.75276665197,"{0: 20, 1: 0, 2: 0, 3: 0, 4: 0}",1
153,False,"{'a': 0.5, 'e': 0.23499999999999932}",20,6,22.01570489879447,"{0: 14, 1: 0, 2: 0, 3: 0, 4: 0}",1
154,False,"{'a': 0.5, 'e': 0.22999999999999932}",35,26,15.85583880732379,"{0: 9, 1: 0, 2: 0, 3: 0, 4: 0}",1
155,False,"{'a': 0.5, 'e': 0.2249999999999993}",30,21,16.732327496083073,"{0: 9, 1: 0, 2: 0, 3: 0, 4: 0}",1
156,False,"{'a': 0.5, 'e': 0.2199999999999993}",20,10,19.514251789617102,"{0: 10, 1: 0, 2: 0, 3: 0, 4: 0}",1
157,False,"{'a': 0.5, 'e': 0.2149999999999993}",20,4,22.012111253950035,"{0: 16, 1: 0, 2: 0, 3: 0, 4: 0}",1
158,False,"{'a': 0.5, 'e': 0.2099999999999993}",20,12,12.49144824073594,"{0: 8, 1: 0, 2: 0, 3: 0, 4: 0}",1
159,False,"{'a': 0.5, 'e': 0.2049999999999993}",30,20,18.768917300430942,"{0: 10, 1: 0, 2: 0, 3: 0, 4: 0}",1
160,False,"{'a': 0.5, 'e': 0.1999999999999993}",25,5,32.006366328926006,"{0: 20, 1: 0, 2: 0, 3: 0, 4: 0}",1
161,False,"{'a': 0.5, 'e': 0.19499999999999929}",20,0,28.32438748574071,"{0: 20, 1: 0, 2: 0, 3: 0, 4: 0}",0
162,False,"{'a': 0.5, 'e': 0.18999999999999928}",25,6,31.447705192413764,"{0: 19, 1: 0, 2: 0, 3: 0, 4: 0}",1
163,False,"{'a': 0.5, 'e': 0.18499999999999928}",30,16,25.066703893658914,"{0: 14, 1: 0, 2: 0, 3: 0, 4: 0}",1
164,False,"{'a': 0.5, 'e': 0.17999999999999927}",25,0,33.02380509352343,"{0: 25, 1: 0, 2: 0, 3: 0, 4: 0}",0
165,False,"{'a': 0.5, 'e': 0.17499999999999927}",25,7,26.061696980432707,"{0: 18, 1: 0, 2: 0, 3: 0, 4: 0}",1
166,False,"{'a': 0.5, 'e': 0.16999999999999926}",20,7,18.967918894378716,"{0: 13, 1: 0, 2: 0, 3: 0, 4: 0}",1
167,False,"{'a': 0.5, 'e': 0.16499999999999926}",20,0,32.06825026162275,"{0: 20, 1: 0, 2: 0, 3: 0, 4: 0}",0
168,False,"{'a': 0.5, 'e': 0.15999999999999925}",25,17,15.902342363098969,"{0: 8, 1: 0, 2: 0, 3: 0, 4: 0}",1
169,False,"{'a': 0.5, 'e': 0.15499999999999925}",25,12,28.55366611711927,"{0: 13, 1: 0, 2: 0, 3: 0, 4: 0}",1
170,False,"{'a': 0.5, 'e': 0.14999999999999925}",20,0,29.465055909293117,"{0: 20, 1: 0, 2: 0, 3: 0, 4: 0}",0
171,False,"{'a': 0.5, 'e': 0.14499999999999924}",30,16,30.839715610360717,"{0: 14, 1: 0, 2: 0, 3: 0, 4: 0}",1
172,False,"{'a': 0.5, 'e': 0.13999999999999924}",25,16,19.165808802653824,"{0: 9, 1: 0, 2: 0, 3: 0, 4: 0}",1
173,False,"{'a': 0.5, 'e': 0.13499999999999923}",20,6,23.776337589592785,"{0: 14, 1: 0, 2: 0, 3: 0, 4: 0}",1
174,False,"{'a': 0.5, 'e': 0.12999999999999923}",20,0,-7.792796628989255,"{0: 18, 1: 0, 2: 1, 3: 1, 4: 0}",1
175,False,"{'a': 0.5, 'e': 0.12499999999999922}",20,12,15.454165642535713,"{0: 8, 1: 0, 2: 0, 3: 0, 4: 0}",1
176,False,"{'a': 0.5, 'e': 0.11999999999999922}",25,10,19.734138630018148,"{0: 15, 1: 0, 2: 0, 3: 0, 4: 0}",1
177,False,"{'a': 0.5, 'e': 0.11499999999999921}",20,9,22.570687151055743,"{0: 11, 1: 0, 2: 0, 3: 0, 4: 0}",1
178,False,"{'a': 0.5, 'e': 0.10999999999999921}",35,10,30.890741603544566,"{0: 25, 1: 0, 2: 0, 3: 0, 4: 0}",1
179,False,"{'a': 0.5, 'e': 0.1049999999999992}",20,2,26.270116055892597,"{0: 18, 1: 0, 2: 0, 3: 0, 4: 0}",1
180,False,"{'a': 0.5, 'e': 0.0999999999999992}",25,8,24.810212638628364,"{0: 17, 1: 0, 2: 0, 3: 0, 4: 0}",1
181,False,"{'a': 0.5, 'e': 0.0949999999999992}",20,8,21.759709956423123,"{0: 12, 1: 0, 2: 0, 3: 0, 4: 0}",1
182,False,"{'a': 0.5, 'e': 0.08999999999999919}",25,9,28.868127406245712,"{0: 16, 1: 0, 2: 0, 3: 0, 4: 0}",1
183,False,"{'a': 0.5, 'e': 0.08499999999999919}",35,21,26.850246248274196,"{0: 14, 1: 0, 2: 0, 3: 0, 4: 0}",1
184,False,"{'a': 0.5, 'e': 0.07999999999999918}",20,12,14.679008502518613,"{0: 8, 1: 0, 2: 0, 3: 0, 4: 0}",1
185,False,"{'a': 0.5, 'e': 0.07499999999999918}",30,0,31.77134846908272,"{0: 30, 1: 0, 2: 0, 3: 0, 4: 0}",0
186,False,"{'a': 0.5, 'e': 0.06999999999999917}",20,0,27.029857132620272,"{0: 20, 1: 0, 2: 0, 3: 0, 4: 0}",0
187,False,"{'a': 0.5, 'e': 0.06499999999999917}",20,7,21.498357925781768,"{0: 13, 1: 0, 2: 0, 3: 0, 4: 0}",1
188,False,"{'a': 0.5, 'e': 0.05999999999999917}",20,12,15.99550527079254,"{0: 8, 1: 0, 2: 0, 3: 0, 4: 0}",1
189,False,"{'a': 0.5, 'e': 0.054999999999999175}",25,12,20.849113848672694,"{0: 13, 1: 0, 2: 0, 3: 0, 4: 0}",1
190,False,"{'a': 0.5, 'e': 0.04999999999999918}",20,14,14.174648254321022,"{0: 6, 1: 0, 2: 0, 3: 0, 4: 0}",1
191,False,"{'a': 0.5, 'e': 0.04499999999999918}",35,18,28.751678952280553,"{0: 17, 1: 0, 2: 0, 3: 0, 4: 0}",1
192,False,"{'a': 0.5, 'e': 0.03999999999999918}",20,0,28.118872931956073,"{0: 20, 1: 0, 2: 0, 3: 0, 4: 0}",0
193,False,"{'a': 0.5, 'e': 0.034999999999999185}",30,0,38.36685912088676,"{0: 30, 1: 0, 2: 0, 3: 0, 4: 0}",0
194,False,"{'a': 0.5, 'e': 0.029999999999999184}",20,7,17.928734114132382,"{0: 13, 1: 0, 2: 0, 3: 0, 4: 0}",1
195,False,"{'a': 0.5, 'e': 0.024999999999999183}",25,7,24.96798417389421,"{0: 18, 1: 0, 2: 0, 3: 0, 4: 0}",1
196,False,"{'a': 0.5, 'e': 0.01999999999999918}",25,14,22.22480591112554,"{0: 11, 1: 0, 2: 0, 3: 0, 4: 0}",1
197,False,"{'a': 0.5, 'e': 0.01499999999999918}",20,12,14.062943990942404,"{0: 8, 1: 0, 2: 0, 3: 0, 4: 0}",1
198,False,"{'a': 0.5, 'e': 0.00999999999999918}",25,10,24.92017805482725,"{0: 15, 1: 0, 2: 0, 3: 0, 4: 0}",1
199,False,"{'a': 0.5, 'e': 0.00499999999999918}",20,0,25.492353988759128,"{0: 20, 1: 0, 2: 0, 3: 0, 4: 0}",0
200,False,"{'a': 0.5, 'e': -8.205242041370298e-16}",25,11,23.216954529984115,"{0: 14, 1: 0, 2: 0, 3: 0, 4: 0}",1
1,True,"{'a': 0.0, 'e': 0.0}",25,17,15.932081459834995,"{0: 8, 1: 0, 2: 0, 3: 0, 4: 0}",1
2,True,"{'a': 0.0, 'e': 0.0}",25,11,28.00761475616461,"{0: 14, 1: 0, 2: 0, 3: 0, 4: 0}",1
3,True,"{'a': 0.0, 'e': 0.0}",25,14,23.456760529969532,"{0: 11, 1: 0, 2: 0, 3: 0, 4: 0}",1
4,True,"{'a': 0.0, 'e': 0.0}",25,0,30.37439282543614,"{0: 25, 1: 0, 2: 0, 3: 0, 4: 0}",0
5,True,"{'a': 0.0, 'e': 0.0}",20,0,25.739073481388175,"{0: 20, 1: 0, 2: 0, 3: 0, 4: 0}",0
6,True,"{'a': 0.0, 'e': 0.0}",20,0,19.576146318798774,"{0: 20, 1: 0, 2: 0, 3: 0, 4: 0}",0
7,True,"{'a': 0.0, 'e': 0.0}",25,7,27.538010447438545,"{0: 18, 1: 0, 2: 0, 3: 0, 4: 0}",1
8,True,"{'a': 0.0, 'e': 0.0}",20,0,23.245424384994976,"{0: 20, 1: 0, 2: 0, 3: 0, 4: 0}",0
9,True,"{'a': 0.0, 'e': 0.0}",25,11,24.536246998605794,"{0: 14, 1: 0, 2: 0, 3: 0, 4: 0}",1
10,True,"{'a': 0.0, 'e': 0.0}",20,6,21.582534005037168,"{0: 14, 1: 0, 2: 0, 3: 0, 4: 0}",1
